id,name,datetime
100,director-meeting-1,2023-03-23 14:43:12
110,manager-meeting-1-1,2023-03-06 08:07:56
111,member-meeting-1-1-1,2023-03-30 06:36:28
112,member-meeting-1-1-2,2023-03-04 16:14:30
113,member-meeting-1-1-3,2023-03-08 00:15:06
114,member-meeting-1-1-4,2023-03-08 22:02:59
115,member-meeting-1-1-5,2023-03-06 09:38:07
120,manager-meeting-1-2,2023-03-29 19:31:29
121,member-meeting-1-2-1,2023-03-10 12:18:23
122,member-meeting-1-2-2,2023-03-30 15:27:05
123,member-meeting-1-2-3,2023-03-15 19:06:33
124,member-meeting-1-2-4,2023-03-28 06:46:43
125,member-meeting-1-2-5,2023-03-21 19:29:06
130,manager-meeting-1-3,2023-03-16 08:51:10
131,member-meeting-1-3-1,2023-03-13 19:17:42
132,member-meeting-1-3-2,2023-03-26 10:00:56
133,member-meeting-1-3-3,2023-03-03 00:31:44
134,member-meeting-1-3-4,2023-03-17 17:13:35
135,member-meeting-1-3-5,2023-03-04 04:52:08
140,manager-meeting-1-4,2023-03-03 20:46:53
141,member-meeting-1-4-1,2023-03-10 00:10:19
142,member-meeting-1-4-2,2023-03-23 04:16:33
143,member-meeting-1-4-3,2023-03-24 04:18:41
144,member-meeting-1-4-4,2023-03-31 12:17:25
145,member-meeting-1-4-5,2023-03-15 06:29:27
150,manager-meeting-1-5,2023-03-17 02:54:21
151,member-meeting-1-5-1,2023-03-10 06:17:27
152,member-meeting-1-5-2,2023-03-15 12:02:49
153,member-meeting-1-5-3,2023-03-09 16:59:36
154,member-meeting-1-5-4,2023-03-13 03:42:07
155,member-meeting-1-5-5,2023-03-17 02:33:45
200,director-meeting-2,2023-03-28 00:15:02
210,manager-meeting-2-1,2023-03-02 20:42:41
211,member-meeting-2-1-1,2023-03-12 16:52:44
212,member-meeting-2-1-2,2023-03-10 22:02:37
213,member-meeting-2-1-3,2023-03-20 04:37:54
214,member-meeting-2-1-4,2023-03-21 20:43:24
215,member-meeting-2-1-5,2023-03-02 15:29:56
220,manager-meeting-2-2,2023-03-26 02:28:03
221,member-meeting-2-2-1,2023-03-24 12:40:47
222,member-meeting-2-2-2,2023-03-21 23:39:50
223,member-meeting-2-2-3,2023-03-27 12:54:21
224,member-meeting-2-2-4,2023-03-06 23:50:12
225,member-meeting-2-2-5,2023-03-01 00:02:44
230,manager-meeting-2-3,2023-03-02 19:19:27
231,member-meeting-2-3-1,2023-03-24 08:59:36
232,member-meeting-2-3-2,2023-03-14 17:41:17
233,member-meeting-2-3-3,2023-03-10 22:26:24
234,member-meeting-2-3-4,2023-03-29 01:13:47
235,member-meeting-2-3-5,2023-03-27 10:34:42
240,manager-meeting-2-4,2023-03-03 08:46:27
241,member-meeting-2-4-1,2023-03-24 00:38:40
242,member-meeting-2-4-2,2023-03-02 03:08:01
243,member-meeting-2-4-3,2023-03-22 07:25:50
244,member-meeting-2-4-4,2023-03-16 09:49:42
245,member-meeting-2-4-5,2023-03-09 17:40:47
250,manager-meeting-2-5,2023-03-24 09:17:45
251,member-meeting-2-5-1,2023-03-13 21:22:53
252,member-meeting-2-5-2,2023-03-15 18:54:33
253,member-meeting-2-5-3,2023-03-24 05:36:39
254,member-meeting-2-5-4,2023-03-25 07:57:48
255,member-meeting-2-5-5,2023-03-31 12:20:39
300,director-meeting-3,2023-03-23 20:30:50
310,manager-meeting-3-1,2023-03-06 07:20:20
311,member-meeting-3-1-1,2023-03-20 14:28:11
312,member-meeting-3-1-2,2023-03-25 12:56:40
313,member-meeting-3-1-3,2023-03-28 03:14:15
314,member-meeting-3-1-4,2023-03-24 22:44:30
315,member-meeting-3-1-5,2023-03-28 22:17:06
320,manager-meeting-3-2,2023-03-03 23:25:02
321,member-meeting-3-2-1,2023-03-31 18:22:45
322,member-meeting-3-2-2,2023-03-27 06:06:13
323,member-meeting-3-2-3,2023-03-14 04:56:53
324,member-meeting-3-2-4,2023-03-26 06:38:22
325,member-meeting-3-2-5,2023-03-05 00:57:54
330,manager-meeting-3-3,2023-03-12 23:38:30
331,member-meeting-3-3-1,2023-03-15 06:38:28
332,member-meeting-3-3-2,2023-03-21 08:46:21
333,member-meeting-3-3-3,2023-03-09 11:15:15
334,member-meeting-3-3-4,2023-03-11 18:49:33
335,member-meeting-3-3-5,2023-03-02 19:28:57
340,manager-meeting-3-4,2023-03-20 15:55:46
341,member-meeting-3-4-1,2023-03-29 18:32:36
342,member-meeting-3-4-2,2023-03-13 06:08:09
343,member-meeting-3-4-3,2023-03-27 10:44:40
344,member-meeting-3-4-4,2023-03-03 06:42:57
345,member-meeting-3-4-5,2023-03-11 03:02:38
350,manager-meeting-3-5,2023-03-20 12:21:38
351,member-meeting-3-5-1,2023-03-16 00:23:26
352,member-meeting-3-5-2,2023-03-10 15:14:25
353,member-meeting-3-5-3,2023-03-28 22:53:06
354,member-meeting-3-5-4,2023-03-18 16:34:40
355,member-meeting-3-5-5,2023-03-18 23:17:14
400,director-meeting-4,2023-03-15 21:59:21
410,manager-meeting-4-1,2023-03-22 19:05:29
411,member-meeting-4-1-1,2023-03-24 19:22:52
412,member-meeting-4-1-2,2023-03-04 14:19:51
413,member-meeting-4-1-3,2023-03-25 13:08:33
414,member-meeting-4-1-4,2023-03-15 18:28:14
415,member-meeting-4-1-5,2023-03-18 12:39:22
420,manager-meeting-4-2,2023-03-27 04:07:14
421,member-meeting-4-2-1,2023-03-16 16:36:38
422,member-meeting-4-2-2,2023-03-05 01:00:25
423,member-meeting-4-2-3,2023-03-23 07:26:02
424,member-meeting-4-2-4,2023-03-21 09:06:51
425,member-meeting-4-2-5,2023-03-05 17:04:18
430,manager-meeting-4-3,2023-03-08 14:50:17
431,member-meeting-4-3-1,2023-03-01 12:31:56
432,member-meeting-4-3-2,2023-03-09 20:26:16
433,member-meeting-4-3-3,2023-03-14 08:19:47
434,member-meeting-4-3-4,2023-03-27 14:08:23
435,member-meeting-4-3-5,2023-03-15 18:28:26
440,manager-meeting-4-4,2023-03-23 09:45:24
441,member-meeting-4-4-1,2023-03-21 22:01:40
442,member-meeting-4-4-2,2023-03-05 00:49:07
443,member-meeting-4-4-3,2023-03-25 23:09:19
444,member-meeting-4-4-4,2023-03-30 15:04:40
445,member-meeting-4-4-5,2023-03-26 20:36:58
450,manager-meeting-4-5,2023-03-03 13:07:01
451,member-meeting-4-5-1,2023-03-29 05:29:38
452,member-meeting-4-5-2,2023-03-31 04:39:23
453,member-meeting-4-5-3,2023-03-26 17:11:20
454,member-meeting-4-5-4,2023-03-26 18:26:52
455,member-meeting-4-5-5,2023-03-14 04:12:27
500,director-meeting-5,2023-03-21 20:29:02
510,manager-meeting-5-1,2023-03-02 08:42:44
511,member-meeting-5-1-1,2023-03-17 21:11:04
512,member-meeting-5-1-2,2023-03-05 20:01:15
513,member-meeting-5-1-3,2023-03-17 19:54:48
514,member-meeting-5-1-4,2023-03-23 17:44:11
515,member-meeting-5-1-5,2023-03-17 02:41:54
520,manager-meeting-5-2,2023-03-14 19:22:56
521,member-meeting-5-2-1,2023-03-29 17:02:30
522,member-meeting-5-2-2,2023-03-17 19:53:27
523,member-meeting-5-2-3,2023-03-01 09:19:03
524,member-meeting-5-2-4,2023-03-03 14:51:40
525,member-meeting-5-2-5,2023-03-16 08:40:53
530,manager-meeting-5-3,2023-03-24 10:58:50
531,member-meeting-5-3-1,2023-03-18 09:56:30
532,member-meeting-5-3-2,2023-03-22 13:34:28
533,member-meeting-5-3-3,2023-03-02 12:53:57
534,member-meeting-5-3-4,2023-03-01 23:30:31
535,member-meeting-5-3-5,2023-03-17 20:40:14
540,manager-meeting-5-4,2023-03-26 06:05:23
541,member-meeting-5-4-1,2023-03-27 04:03:51
542,member-meeting-5-4-2,2023-03-28 09:33:15
543,member-meeting-5-4-3,2023-03-27 05:05:52
544,member-meeting-5-4-4,2023-03-01 08:18:02
545,member-meeting-5-4-5,2023-03-13 22:14:13
550,manager-meeting-5-5,2023-03-05 03:03:32
551,member-meeting-5-5-1,2023-03-03 00:59:58
552,member-meeting-5-5-2,2023-03-23 19:32:51
553,member-meeting-5-5-3,2023-03-20 18:29:02
554,member-meeting-5-5-4,2023-03-03 00:19:30
555,member-meeting-5-5-5,2023-03-23 14:02:51
