cst_id,first_name,last_name
0,David,Hardy
1,Wendy,Banks
2,Bessie,Montgomery
3,Veronica,Harper
4,Tommy,Manko
5,Kelly,Ingram
6,Angela,Turner
7,Marilyn,Perkins
8,Geneva,Guida
9,Megan,Robinson
10,Laura,Espinal
11,Henry,Buck
12,Johnnie,Taylor
13,Brady,Potter
14,Ayesha,Vecker
15,Jennifer,Noeldner
16,Fred,Pascual
17,Genevie,Michel
18,Melinda,Flores
19,Patricia,Falcon
20,Jimmy,Miles
21,John,Larsen
22,Michael,Hoot
23,Darleen,Warner
24,Francis,Tejeiro
25,Johnetta,Franks
26,Roland,Doty
27,Brian,Hutcherson
28,Janice,Esposito
29,Diana,Luneau
30,Charles,Lacefield
31,Kent,Dailey
32,Harriette,Colbert
33,Mary,Whitaker
34,Cynthia,West
35,Angela,Erwin
36,Raymond,Nunemaker
37,Zachary,Gassen
38,Vera,Doucette
39,Christy,Kahalehoe
40,Curt,Garvin
41,Hannah,Bookwalter
42,Cheri,Woolley
43,Nichole,Mock
44,Thomas,Black
45,Melissa,Gadson
46,Mary,Mittendorf
47,Joyce,Hart
48,Ronald,Cepeda
49,Catherine,Hampton
50,Jill,Sampieri
51,James,Foster
52,Franklin,Mailes
53,Dora,Kuehnle
54,Whitney,Woodmansee
55,Rose,Spencer
56,William,Vasquez
57,Mary,Levesque
58,Alice,Vasquez
59,Jill,Meath
60,Cindy,Harper
61,Maude,Nesbit
62,Kathrine,Davis
63,Johnathan,Gates
64,Matthew,Tucci
65,William,Brown
66,Leanne,Caskey
67,Jimmie,Marquez
68,Barbara,Mulholland
69,Mildred,Olivia
70,Ellen,Garcia
71,Jason,Mcginley
72,Ruth,Barr
73,Irma,Glessner
74,Miranda,Stone
75,Maryam,Sheahan
76,Gregory,Beaver
77,Jeannie,Kutz
78,Dennis,Herrera
79,Brad,Saunders
